|cve-ids|ex_url|types|solution
0|CVE-2013-4868|http://www.securityfocus.com/bid/61584|VDB Entry,Third Party Advisory|Currently we are not aware of any vendor-supplied patches. If you feel we are in error or are aware of more recent information, please mail us at: vuldb@securityfocus.com.
1|CVE-2013-4975|http://www.securityfocus.com/bid/61643|VDB Entry,Third Party Advisory|Currently, we are not aware of any vendor-supplied patches. If you feel we are in error or if you are aware of more recent information, please mail us at: vuldb@securityfocus.com.
2|CVE-2013-4976|http://www.securityfocus.com/bid/61646|VDB Entry,Third Party Advisory|Currently, we are not aware of any vendor-supplied patches. If you feel we are in error or are aware of more recent information, please mail us at: vuldb@securityfocus.com.
3|CVE-2013-4982|http://www.securityfocus.com/bid/62035|VDB Entry,Third Party Advisory|Currently, we are not aware of any vendor-supplied patches. If you feel we are in error or if you are aware of more recent information, please mail us at: vuldb@securityfocus.com.
4|CVE-2013-4985|http://www.securityfocus.com/bid/63541|VDB Entry,Third Party Advisory|Updates are available. Please see the references or vendor advisory for more information.
5|CVE-2012-4980|http://www.securityfocus.com/bid/55644|VDB Entry,Third Party Advisory|Currently we are not aware of any vendor-supplied patches. If you feel we are in error or if you are aware of more recent information, please mail us at: vuldb@securityfocus.com.
6|CVE-2014-3136|https://www.securityfocus.com/bid/68967|VDB Entry,Third Party Advisory|Updates are available. Please see the references or vendor advisory for more information.
7|CVE-2014-5289|http://www.securityfocus.com/bid/69263|VDB Entry,Third Party Advisory|Currently, we are not aware of any vendor-supplied patches. If you feel we are in error or if you are aware of more recent information, please mail us at: vuldb@securityfocus.com.
8|CVE-2012-5645|http://www.securityfocus.com/bid/41352|VDB Entry,Third Party Advisory|Updates are available. Please see the references for more information.
9|CVE-2013-2016|http://www.securityfocus.com/bid/59541|VDB Entry,Third Party Advisory|Updates are available. Please see the references or vendor advisory for more information.
10|CVE-2013-4357|http://www.securityfocus.com/bid/67992|VDB Entry,Third Party Advisory|Updates are available. Please see the references for more information.
11|CVE-2017-18008|http://www.securityfocus.com/bid/102346|VDB Entry,Third Party Advisory|Updates are available. Please see the references or vendor advisory for more information.
12|CVE-2017-18009,CVE-2018-5269,CVE-2018-5268|http://www.securityfocus.com/bid/106945|VDB Entry,Third Party Advisory|Updates are available. Please see the references or vendor advisory for more information.
13|CVE-2017-18013|http://www.securityfocus.com/bid/102345|VDB Entry,Third Party Advisory|Updates are available. Please see the references or vendor advisory for more information.
14|CVE-2017-9966,CVE-2017-9965,CVE-2017-9964|http://www.securityfocus.com/bid/102338|VDB Entry,Third Party Advisory|Updates are available. Please see the references or vendor advisory for more information.
15|CVE-2017-1000445|http://www.securityfocus.com/bid/102368|VDB Entry,Third Party Advisory|Updates are available. Please see the references or vendor advisory for more information.
16|CVE-2017-1557|http://www.securityfocus.com/bid/102418|VDB Entry,Third Party Advisory|Updates are available. Please see the references or vendor advisory for more information.
17|CVE-2017-18017|http://www.securityfocus.com/bid/102367|VDB Entry,Third Party Advisory|Updates are available. Please see the references or vendor advisory for more information.
18|CVE-2018-4868|http://www.securityfocus.com/bid/102477|VDB Entry,Third Party Advisory|Updates are available. Please see the references or vendor advisory for more information.
19|CVE-2017-1000476|http://www.securityfocus.com/bid/102428|VDB Entry,Third Party Advisory|Updates are available. Please see the references or vendor advisory for more information.
20|CVE-2017-8046|http://www.securityfocus.com/bid/100948|VDB Entry,Third Party Advisory|Updates are available. Please see the references or vendor advisory for more information.
21|CVE-2018-0103|http://www.securityfocus.com/bid/102369|VDB Entry,Third Party Advisory|Updates are available. Please see the references or vendor advisory for more information.
22|CVE-2018-0104|http://www.securityfocus.com/bid/102382|VDB Entry,Third Party Advisory|Updates are available. Please see the references or vendor advisory for more information.
23|CVE-2018-0114|http://www.securityfocus.com/bid/102445|VDB Entry,Third Party Advisory|Updates are available. Please see the references or vendor advisory for more information.
24|CVE-2018-1190|http://www.securityfocus.com/bid/102427|VDB Entry,Third Party Advisory|Updates are available. Please see the references or vendor advisory for more information.
25|CVE-2017-5715|http://www.securityfocus.com/bid/102376|VDB Entry,Third Party Advisory|Updates are available. Please see the references or vendor advisory for more information.
26|CVE-2017-5753|http://www.securityfocus.com/bid/102371|VDB Entry,Third Party Advisory|Updates are available. Please see the references or vendor advisory for more information.
27|CVE-2017-5754|http://www.securityfocus.com/bid/102378||Updates are available. Please see the references or vendor advisory for more information.
28|CVE-2018-11999,CVE-2017-11004,CVE-2017-18331,CVE-2017-18141,CVE-2017-18160,CVE-2017-18329,CVE-2018-5915,CVE-2017-18324,CVE-2017-18328,CVE-2017-18330,CVE-2017-8248,CVE-2018-5869,CVE-2017-18321,CVE-2018-11279,CVE-2018-5867,CVE-2018-3595,CVE-2018-11267,CVE-2017-18327,CVE-2017-18332,CVE-2017-8276,CVE-2017-18320,CVE-2018-5868,CVE-2017-18319,CVE-2017-18322,CVE-2017-18323,CVE-2017-5754,CVE-2017-18326|http://www.securityfocus.com/bid/106128|VDB Entry,Third Party Advisory|Updates are available. Please see the references or vendor advisory for more information.
29|CVE-2018-0741|http://www.securityfocus.com/bid/102349|VDB Entry,Third Party Advisory|Updates are available. Please see the references or vendor advisory for more information.
30|CVE-2018-0743|http://www.securityfocus.com/bid/102350|VDB Entry,Third Party Advisory|Updates are available. Please see the references or vendor advisory for more information.
31|CVE-2018-0744|http://www.securityfocus.com/bid/102351|VDB Entry,Third Party Advisory|Updates are available. Please see the references or vendor advisory for more information.
32|CVE-2018-0745|http://www.securityfocus.com/bid/102353|VDB Entry,Third Party Advisory|Updates are available. Please see the references or vendor advisory for more information.
33|CVE-2018-0746|http://www.securityfocus.com/bid/102365|VDB Entry,Third Party Advisory|Updates are available. Please see the references or vendor advisory for more information.
34|CVE-2018-0747|http://www.securityfocus.com/bid/102366|VDB Entry,Third Party Advisory|Updates are available. Please see the references or vendor advisory for more information.
35|CVE-2018-0748|http://www.securityfocus.com/bid/102354|VDB Entry,Third Party Advisory|Updates are available. Please see the references or vendor advisory for more information.
36|CVE-2018-0749|http://www.securityfocus.com/bid/102355|VDB Entry,Third Party Advisory|Updates are available. Please see the references or vendor advisory for more information.
37|CVE-2018-0750|http://www.securityfocus.com/bid/102357|VDB Entry,Third Party Advisory|Updates are available. Please see the references or vendor advisory for more information.
38|CVE-2018-0751|http://www.securityfocus.com/bid/102359|VDB Entry,Third Party Advisory|Updates are available. Please see the references or vendor advisory for more information.
39|CVE-2018-0752|http://www.securityfocus.com/bid/102360|VDB Entry,Third Party Advisory|Updates are available. Please see the references or vendor advisory for more information.
40|CVE-2018-0753|http://www.securityfocus.com/bid/102361|VDB Entry,Third Party Advisory|Updates are available. Please see the references or vendor advisory for more information.
41|CVE-2018-0754|http://www.securityfocus.com/bid/102362|VDB Entry,Third Party Advisory|Updates are available. Please see the references or vendor advisory for more information.
42|CVE-2018-0758|http://www.securityfocus.com/bid/102405|VDB Entry,Third Party Advisory|Updates are available. Please see the references or vendor advisory for more information.
43|CVE-2018-0762|http://www.securityfocus.com/bid/102408|VDB Entry,Third Party Advisory|Updates are available. Please see the references or vendor advisory for more information.
44|CVE-2018-0766|http://www.securityfocus.com/bid/102388|VDB Entry,Third Party Advisory|Updates are available. Please see the references or vendor advisory for more information.
45|CVE-2018-0767|http://www.securityfocus.com/bid/102393|VDB Entry,Third Party Advisory|Updates are available. Please see the references or vendor advisory for more information.
46|CVE-2018-0768|http://www.securityfocus.com/bid/102395|VDB Entry,Third Party Advisory|Updates are available. Please see the references or vendor advisory for more information.
47|CVE-2018-0769|http://www.securityfocus.com/bid/102396|VDB Entry,Third Party Advisory|Updates are available. Please see the references or vendor advisory for more information.
48|CVE-2018-0770|http://www.securityfocus.com/bid/102397|VDB Entry,Third Party Advisory|Updates are available. Please see the references or vendor advisory for more information.
49|CVE-2018-0772|http://www.securityfocus.com/bid/102409|VDB Entry,Third Party Advisory|Updates are available. Please see the references or vendor advisory for more information.
50|CVE-2018-0773|http://www.securityfocus.com/bid/102398|VDB Entry,Third Party Advisory|Updates are available. Please see the references or vendor advisory for more information.
51|CVE-2018-0774|http://www.securityfocus.com/bid/102399|VDB Entry,Third Party Advisory|Updates are available. Please see the references or vendor advisory for more information.
52|CVE-2018-0775|http://www.securityfocus.com/bid/102400|VDB Entry,Third Party Advisory|Updates are available. Please see the references or vendor advisory for more information.
53|CVE-2018-0776|http://www.securityfocus.com/bid/102401|VDB Entry,Third Party Advisory|Updates are available. Please see the references or vendor advisory for more information.
54|CVE-2018-0777|http://www.securityfocus.com/bid/102402|VDB Entry,Third Party Advisory|Updates are available. Please see the references or vendor advisory for more information.
55|CVE-2018-0778|http://www.securityfocus.com/bid/102403|VDB Entry,Third Party Advisory|Updates are available. Please see the references or vendor advisory for more information.
56|CVE-2018-0780|http://www.securityfocus.com/bid/102389|VDB Entry,Third Party Advisory|Updates are available. Please see the references or vendor advisory for more information.
57|CVE-2018-0781|http://www.securityfocus.com/bid/102404|VDB Entry,Third Party Advisory|Updates are available. Please see the references or vendor advisory for more information.
58|CVE-2018-0788|http://www.securityfocus.com/bid/102364|VDB Entry,Third Party Advisory|Updates are available. Please see the references or vendor advisory for more information.
59|CVE-2018-0800|http://www.securityfocus.com/bid/102392|VDB Entry,Third Party Advisory|Updates are available. Please see the references or vendor advisory for more information.
60|CVE-2018-0803|http://www.securityfocus.com/bid/102384|VDB Entry,Third Party Advisory|Updates are available. Please see the references or vendor advisory for more information.
61|CVE-2014-7862|http://www.securityfocus.com/archive/1/534356/100/0/threaded||
62|CVE-2014-7862|http://www.securityfocus.com/bid/71849|VDB Entry,Third Party Advisory|Reportedly the issue is fixed, however Symantec has not confirmed this. Please contact the vendor for more information.
63|CVE-2017-14960|http://www.securityfocus.com/bid/102419|VDB Entry,Third Party Advisory|Currently, we are not aware of any vendor-supplied patches. If you feel we are in error or are aware of more recent information, please mail us at: vuldb@securityfocus.com.
64|CVE-2017-1664|http://www.securityfocus.com/bid/102470|VDB Entry,Third Party Advisory|Updates are available. Please see the references or vendor advisory for more information.
65|CVE-2017-1669|http://www.securityfocus.com/bid/102468|VDB Entry,Third Party Advisory|Updates are available. Please see the references or vendor advisory for more information.
66|CVE-2017-1673|http://www.securityfocus.com/bid/102436|VDB Entry,Issue Tracking,Third Party Advisory|Updates are available. Please see the references or vendor advisory for more information.
67|CVE-2017-1727|http://www.securityfocus.com/bid/102432|VDB Entry,Issue Tracking,Third Party Advisory|Updates are available. Please see the references or vendor advisory for more information.
68|CVE-2017-16716,CVE-2017-16724,CVE-2017-16720,CVE-2017-16728,CVE-2017-16753|http://www.securityfocus.com/bid/102424|VDB Entry,Third Party Advisory|Updates are available. Please see the references or vendor advisory for more information.
69|CVE-2017-4946,CVE-2017-4945,CVE-2017-4948|http://www.securityfocus.com/bid/102441|VDB Entry,Third Party Advisory|Updates are available. Please see the references or vendor advisory for more information.
70|CVE-2014-8540|http://www.securityfocus.com/bid/70841|VDB Entry,Third Party Advisory|Updates are available. Please see the references or vendor advisory for more information.
71|CVE-2017-15548|http://www.securityfocus.com/bid/102352|VDB Entry,Third Party Advisory|Updates are available. Please see the references or vendor advisory for more information.
72|CVE-2017-15549|http://www.securityfocus.com/bid/102363|VDB Entry,Third Party Advisory|Updates are available. Please see the references or vendor advisory for more information.
73|CVE-2017-15550|http://www.securityfocus.com/bid/102358|VDB Entry,Third Party Advisory|Updates are available. Please see the references or vendor advisory for more information.
74|CVE-2018-5244|http://www.securityfocus.com/bid/102433|VDB Entry,Third Party Advisory|Updates are available. Please see the references or vendor advisory for more information.
75|CVE-2017-18022|http://www.securityfocus.com/bid/102437|VDB Entry,Third Party Advisory|Updates are available. Please see the references or vendor advisory for more information.
76|CVE-2018-5246|http://www.securityfocus.com/bid/102469|VDB Entry,Third Party Advisory|Updates are available. Please see the references or vendor advisory for more information.
77|CVE-2018-5248|http://www.securityfocus.com/bid/102431|VDB Entry,Third Party Advisory|Updates are available. Please see the references or vendor advisory for more information.
78|CVE-2018-5271|http://www.securityfocus.com/bid/102471|VDB Entry,Third Party Advisory|Currently, we are not aware of any vendor-supplied patches. If you feel we are in error or if you are aware of more recent information, please mail us at: vuldb@securityfocus.com.
79|CVE-2018-5279|http://www.securityfocus.com/bid/102453|VDB Entry,Third Party Advisory|Currently, we are not aware of any vendor-supplied patches. If you feel we are in error or if you are aware of more recent information, please mail us at: vuldb@securityfocus.com.
80|CVE-2018-5280|http://www.securityfocus.com/bid/102438|VDB Entry,Third Party Advisory|Currently we are not aware of any vendor-supplied patches. If you feel we are in error or if you are aware of more recent information, please mail us at: vuldb@securityfocus.com.
81|CVE-2018-5281|http://www.securityfocus.com/bid/102443|VDB Entry,Third Party Advisory|Currently, we are not aware of any vendor-supplied patches. If you feel we are in error or are aware of more recent information, please mail us at: vuldb@securityfocus.com.
82|CVE-2014-1858|http://www.securityfocus.com/bid/65441|VDB Entry,Third Party Advisory|Updates are available. Please see the references or vendor advisory for more information.
83|CVE-2014-1859|http://www.securityfocus.com/bid/65440|VDB Entry,Third Party Advisory|Updates are available. Please see the references or vendor advisory for more information.
84|CVE-2014-5334|http://www.securityfocus.com/bid/69249|VDB Entry,Third Party Advisory|Currently, we are not aware of any vendor-supplied patches. If you feel we are in error or are aware of more recent information, please mail us at: vuldb@securityfocus.com.
85|CVE-2014-5394|http://www.securityfocus.com/bid/69302|VDB Entry,Third Party Advisory|Updates are available. Please see the references or vendor advisory for more information.
86|CVE-2014-5509|http://www.securityfocus.com/bid/69473|VDB Entry,Third Party Advisory|Currently, we are not aware of any vendor-supplied patches. If you feel we are in error or are aware of more recent information, please mail us at: vuldb@securityfocus.com.
87|CVE-2014-7222,CVE-2014-7221|http://www.securityfocus.com/bid/70219|VDB Entry,Third Party Advisory|Reportedly the issue is fixed, however Symantec has not confirmed this. Please contact the vendor for more information.
88|CVE-2015-2318|http://www.securityfocus.com/bid/73253|VDB Entry,Third Party Advisory|Updates are available. Please see the references or vendor advisory for more information.
89|CVE-2015-2319|http://www.securityfocus.com/bid/73250|VDB Entry,Third Party Advisory|Updates are available. Please see the references or vendor advisory for more information.
90|CVE-2015-2320|http://www.securityfocus.com/bid/73256|VDB Entry,Third Party Advisory|Updates are available. Please see the references or vendor advisory for more information.
91|CVE-2018-2360|http://www.securityfocus.com/bid/102448|VDB Entry,Third Party Advisory|Updates are available. Please see the references or vendor advisory for more information.
92|CVE-2018-2361|http://www.securityfocus.com/bid/102450|VDB Entry,Third Party Advisory|Updates are available. Please see the references or vendor advisory for more information.
93|CVE-2018-2362|http://www.securityfocus.com/bid/102452|VDB Entry,Third Party Advisory|Updates are available. Please see the references or vendor advisory for more information.
94|CVE-2018-2363|http://www.securityfocus.com/bid/102449|VDB Entry,Third Party Advisory|Updates are available. Please see the references or vendor advisory for more information.
95|CVE-2017-15129|http://www.securityfocus.com/bid/102485||Updates are available. Please see the references or vendor advisory for more information.
96|CVE-2017-1493|http://www.securityfocus.com/bid/102483|VDB Entry,Third Party Advisory|Updates are available. Please see the references or vendor advisory for more information.
97|CVE-2017-1612|http://www.securityfocus.com/bid/102479|VDB Entry,Third Party Advisory|Updates are available. Please see the references or vendor advisory for more information.
98|CVE-2017-1666|http://www.securityfocus.com/bid/102434|VDB Entry,Third Party Advisory|Updates are available. Please see the references or vendor advisory for more information.
99|CVE-2017-1668|http://www.securityfocus.com/bid/102430|VDB Entry,Third Party Advisory|Updates are available. Please see the references or vendor advisory for more information.
100|CVE-2017-1670|http://www.securityfocus.com/bid/102429|VDB Entry,Third Party Advisory|Updates are available. Please see the references or vendor advisory for more information.
101|CVE-2017-1671|http://www.securityfocus.com/bid/102487|VDB Entry,Third Party Advisory|Updates are available. Please see the references for more information.
102|CVE-2017-9663,CVE-2017-12695,CVE-2017-12697|http://www.securityfocus.com/bid/102481|VDB Entry,Third Party Advisory|Updates are available. Please see the references or vendor advisory for more information.
103|CVE-2017-15124|http://www.securityfocus.com/bid/102295||Updates are available. Please see the references or vendor advisory for more information.
104|CVE-2017-16740|http://www.securityfocus.com/bid/102474|VDB Entry,Mitigation,Third Party Advisory|Updates are available. Please see the references or vendor advisory for more information.
105|CVE-2018-4871|http://www.securityfocus.com/bid/102465|VDB Entry,Third Party Advisory|Updates are available. Please see the references or vendor advisory for more information.
106|CVE-2018-0764|http://www.securityfocus.com/bid/102387|VDB Entry,Third Party Advisory|Updates are available. Please see the references or vendor advisory for more information.
107|CVE-2018-0784|http://www.securityfocus.com/bid/102377|VDB Entry,Third Party Advisory|Updates are available. Please see the references or vendor advisory for more information.
108|CVE-2018-0785|http://www.securityfocus.com/bid/102379|VDB Entry,Third Party Advisory|Updates are available. Please see the references or vendor advisory for more information.
109|CVE-2018-0786|http://www.securityfocus.com/bid/102380|VDB Entry,Third Party Advisory|Updates are available. Please see the references or vendor advisory for more information.
110|CVE-2018-0789|http://www.securityfocus.com/bid/102394|VDB Entry,Third Party Advisory|Updates are available. Please see the references or vendor advisory for more information.
111|CVE-2018-0790|http://www.securityfocus.com/bid/102391|VDB Entry,Third Party Advisory|Updates are available. Please see the references or vendor advisory for more information.
112|CVE-2018-0791|http://www.securityfocus.com/bid/102383|VDB Entry,Third Party Advisory|Updates are available. Please see the references or vendor advisory for more information.
113|CVE-2018-0792|http://www.securityfocus.com/bid/102381|VDB Entry,Third Party Advisory|Updates are available. Please see the references or vendor advisory for more information.
114|CVE-2018-0793|http://www.securityfocus.com/bid/102375|VDB Entry,Third Party Advisory|Updates are available. Please see the references or vendor advisory for more information.
115|CVE-2018-0794|http://www.securityfocus.com/bid/102373|VDB Entry,Third Party Advisory|Updates are available. Please see the references or vendor advisory for more information.
116|CVE-2018-0795|http://www.securityfocus.com/bid/102356|VDB Entry,Third Party Advisory|Updates are available. Please see the references or vendor advisory for more information.
117|CVE-2018-0796|http://www.securityfocus.com/bid/102372|VDB Entry,Third Party Advisory|Updates are available. Please see the references or vendor advisory for more information.
118|CVE-2018-0797|http://www.securityfocus.com/bid/102406|VDB Entry,Third Party Advisory|Updates are available. Please see the references or vendor advisory for more information.
119|CVE-2018-0798|http://www.securityfocus.com/bid/102370|VDB Entry,Third Party Advisory|Updates are available. Please see the references or vendor advisory for more information.
120|CVE-2018-0799|http://www.securityfocus.com/bid/102411|VDB Entry,Third Party Advisory|Updates are available. Please see the references or vendor advisory for more information.
121|CVE-2018-0801|http://www.securityfocus.com/bid/102348|VDB Entry,Third Party Advisory|Updates are available. Please see the references or vendor advisory for more information.
122|CVE-2018-0802|http://www.securityfocus.com/bid/102347|VDB Entry,Third Party Advisory|Updates are available. Please see the references or vendor advisory for more information.
123|CVE-2018-0804|http://www.securityfocus.com/bid/102457|VDB Entry,Third Party Advisory|Updates are available. Please see the references or vendor advisory for more information.
124|CVE-2018-0805|http://www.securityfocus.com/bid/102459|VDB Entry,Third Party Advisory|Updates are available. Please see the references or vendor advisory for more information.
125|CVE-2018-0806|http://www.securityfocus.com/bid/102460|VDB Entry,Third Party Advisory|Updates are available. Please see the references or vendor advisory for more information.
126|CVE-2018-0807|http://www.securityfocus.com/bid/102461|VDB Entry,Third Party Advisory|Updates are available. Please see the references or vendor advisory for more information.
127|CVE-2018-0812|http://www.securityfocus.com/bid/102463|VDB Entry,Third Party Advisory|Updates are available. Please see the references or vendor advisory for more information.
128|CVE-2018-0818|http://www.securityfocus.com/bid/102412|VDB Entry,Third Party Advisory|Updates are available. Please see the references or vendor advisory for more information.
129|CVE-2018-0819|http://www.securityfocus.com/bid/102464|VDB Entry,Third Party Advisory|Updates are available. Please see the references or vendor advisory for more information.
130|CVE-2016-10256|http://www.securityfocus.com/bid/102451|VDB Entry,Third Party Advisory|Updates are available. Please see the references or vendor advisory for more information.
131|CVE-2016-10257|http://www.securityfocus.com/bid/102447|VDB Entry,Third Party Advisory|Updates are available. Please see the references or vendor advisory for more information.
132|CVE-2017-9795|http://www.securityfocus.com/bid/102488|VDB Entry,Third Party Advisory|Updates are available. Please see the references or vendor advisory for more information.
133|CVE-2016-6810|http://www.securityfocus.com/bid/94882|VDB Entry,Third Party Advisory|Updates are available. Please see the references or vendor advisory for more information.
134|CVE-2017-12169|http://www.securityfocus.com/bid/102136|VDB Entry,Third Party Advisory|Updates are available. Please see the references or vendor advisory for more information.
135|CVE-2017-7536|http://www.securityfocus.com/bid/101048|VDB Entry,Third Party Advisory|Updates are available. Please see the references or vendor advisory for more information.
136|CVE-2017-1533|http://www.securityfocus.com/bid/102496|VDB Entry,Third Party Advisory|Updates are available. Please see the references or vendor advisory for more information.
137|CVE-2017-1534|http://www.securityfocus.com/bid/102509|VDB Entry,Third Party Advisory|Updates are available. Please see the references or vendor advisory for more information.
138|CVE-2017-1623|http://www.securityfocus.com/bid/102476|VDB Entry,Third Party Advisory|Updates are available. Please see the references or vendor advisory for more information.
139|CVE-2014-4991|http://www.securityfocus.com/bid/68733|VDB Entry,Third Party Advisory|Currently, we are not aware of any vendor-supplied patches. If you feel we are in error or if you are aware of more recent information, please mail us at: vuldb@securityfocus.com.
140|CVE-2014-4995|http://www.securityfocus.com/bid/68729|VDB Entry,Third Party Advisory|Currently, we are not aware of any vendor-supplied patches. If you feel we are in error or if you are aware of more recent information, please mail us at: vuldb@securityfocus.com.
141|CVE-2014-4996|http://www.securityfocus.com/bid/68731|VDB Entry,Third Party Advisory|Currently, we are not aware of any vendor-supplied patches. If you feel we are in error or are aware of more recent information, please mail us at: vuldb@securityfocus.com.
142|CVE-2014-4997|http://www.securityfocus.com/bid/68735|VDB Entry,Third Party Advisory|Currently we are not aware of any vendor-supplied patches. If you feel we are in error or are aware of more recent information, please mail us at: vuldb@securityfocus.com.
143|CVE-2014-5004|http://www.securityfocus.com/bid/68506|VDB Entry,Third Party Advisory|Currently, we are not aware of any vendor-supplied patches. If you feel we are in error or if you are aware of more recent information, please mail us at: vuldb@securityfocus.com.
144|CVE-2017-15941|http://www.securityfocus.com/bid/102446|VDB Entry,Third Party Advisory|Updates are available. Please see the references or vendor advisory for more information.
145|CVE-2017-17485|http://www.securityfocus.com/archive/1/541652/100/0/threaded|VDB Entry,Third Party Advisory|
146|CVE-2017-17841|http://www.securityfocus.com/bid/102458|VDB Entry,Third Party Advisory|Updates are available. Please see the references or vendor advisory for more information.
147|CVE-2017-15849,CVE-2017-11069|http://www.securityfocus.com/bid/102413|VDB Entry,Third Party Advisory|Updates are available. Please see the references or vendor advisory for more information.
148|CVE-2017-12189|http://www.securityfocus.com/bid/102407|VDB Entry,Third Party Advisory|Updates are available. Please see the references or vendor advisory for more information.
149|CVE-2018-0001|http://www.securityfocus.com/bid/103092||Updates are available. Please see the references or vendor advisory for more information.
150|CVE-2018-0003|http://www.securityfocus.com/bid/105715||Updates are available. Please see the references or vendor advisory for more information.
151|CVE-2018-0009|http://www.securityfocus.com/bid/102491|VDB Entry,Third Party Advisory|Updates are available. Please see the references or vendor advisory for more information.
152|CVE-2018-5332|http://www.securityfocus.com/bid/102507|VDB Entry,Third Party Advisory|Updates are available. Please see the references or vendor advisory for more information.
153|CVE-2018-5333|http://www.securityfocus.com/bid/102510|VDB Entry,Third Party Advisory|Updates are available. Please see the references or vendor advisory for more information.
154|CVE-2018-0118|http://www.securityfocus.com/bid/102478|VDB Entry,Third Party Advisory|Updates are available. Please see the references or vendor advisory for more information.
155|CVE-2017-4949|http://www.securityfocus.com/bid/102489|VDB Entry,Third Party Advisory|Updates are available. Please see the references or vendor advisory for more information.
156|CVE-2017-4950|http://www.securityfocus.com/bid/102490|VDB Entry,Third Party Advisory|Updates are available. Please see the references or vendor advisory for more information.
157|CVE-2012-6667|http://www.securityfocus.com/bid/52685|VDB Entry,Third Party Advisory|Currently we are not aware of any vendor-supplied patches. If you feel we are in error or if you are aware of more recent information, please mail us at: vuldb@securityfocus.com.
158|CVE-2017-15617,CVE-2017-15621,CVE-2017-15613,CVE-2017-15632,CVE-2017-15620,CVE-2017-15635,CVE-2017-15627,CVE-2017-15619,CVE-2017-15625,CVE-2017-15616,CVE-2017-15628,CVE-2017-15614,CVE-2017-15624,CVE-2017-15634,CVE-2017-15633,CVE-2017-15626,CVE-2017-15630,CVE-2017-15622,CVE-2017-15623,CVE-2017-15631,CVE-2017-15629,CVE-2017-15637,CVE-2017-15615,CVE-2017-15636,CVE-2017-15618|http://www.securityfocus.com/archive/1/541655/100/0/threaded|VDB Entry,Exploit,Third Party Advisory|
159|CVE-2017-1478|http://www.securityfocus.com/bid/102502|VDB Entry,Third Party Advisory|Updates are available. Please see the references or vendor advisory for more information.
160|CVE-2017-1739|http://www.securityfocus.com/bid/102492|VDB Entry,Third Party Advisory|Updates are available. Please see the references or vendor advisory for more information.
161|CVE-2017-1740|http://www.securityfocus.com/bid/102498|VDB Entry,Third Party Advisory|Updates are available. Please see the references or vendor advisory for more information.
162|CVE-2018-1361|http://www.securityfocus.com/bid/102501|VDB Entry,Third Party Advisory|Updates are available. Please see the references or vendor advisory for more information.
163|CVE-2012-6668|http://www.securityfocus.com/bid/52715|VDB Entry,Third Party Advisory|Updates are available. Please see the references for details.
164|CVE-2012-6670|http://www.securityfocus.com/bid/52711|VDB Entry,Third Party Advisory|Updates are available. Please see the references for details.
165|CVE-2012-6671|http://www.securityfocus.com/bid/52707|VDB Entry,Third Party Advisory|Updates are available; please see the references for details.
166|CVE-2012-6682|http://www.securityfocus.com/bid/52713|VDB Entry,Third Party Advisory|Updates are available; please see the references for details.
167|CVE-2018-5334|http://www.securityfocus.com/bid/102499|VDB Entry,Third Party Advisory|Updates are available. Please see the references or vendor advisory for more information.
168|CVE-2018-5335|http://www.securityfocus.com/bid/102500|VDB Entry,Third Party Advisory|Updates are available. Please see the references or vendor advisory for more information.
169|CVE-2018-5336|http://www.securityfocus.com/bid/102504|VDB Entry,Third Party Advisory|Updates are available. Please see the references or vendor advisory for more information.
170|CVE-2018-5344|http://www.securityfocus.com/bid/102503|VDB Entry,Third Party Advisory|Updates are available. Please see the references or vendor advisory for more information.
171|CVE-2018-5357|http://www.securityfocus.com/bid/102497|VDB Entry,Third Party Advisory|Updates are available. Please see the references or vendor advisory for more information.
172|CVE-2017-16862|http://www.securityfocus.com/bid/102506|VDB Entry,Third Party Advisory|Updates are available. Please see the references or vendor advisory for more information.
173|CVE-2017-16864|http://www.securityfocus.com/bid/102505|VDB Entry,Third Party Advisory|Updates are available. Please see the references or vendor advisory for more information.
174|CVE-2017-0869|http://www.securityfocus.com/bid/102374|VDB Entry,Third Party Advisory|Updates are available. Please see the references or vendor advisory for more information.
175|CVE-2014-3471|http://www.securityfocus.com/bid/68145|VDB Entry,Third Party Advisory|Updates are available. Please see the references or vendor advisory for more information.
176|CVE-2014-6435|http://www.securityfocus.com/bid/69809|VDB Entry,Third Party Advisory|Currently, we are not aware of any vendor-supplied patches. If you feel we are in error or if you are aware of more recent information, please mail us at: vuldb@securityfocus.com.
177|CVE-2014-6437,CVE-2014-6436|http://www.securityfocus.com/archive/1/533489/100/0/threaded||
178|CVE-2014-6436|http://www.securityfocus.com/bid/69811|VDB Entry,Third Party Advisory|Currently, we are not aware of any vendor-supplied patches. If you feel we are in error or if you are aware of more recent information, please mail us at: vuldb@securityfocus.com.
179|CVE-2014-6437|http://www.securityfocus.com/bid/69808|VDB Entry,Third Party Advisory|Currently, we are not aware of any working  exploits. If you feel we are in error or if you are aware of more recent  information, please mail us at: vuldb@securityfocus.com.
180|CVE-2014-7952|http://www.securityfocus.com/archive/1/535980/100/0/threaded||
181|CVE-2014-7952|http://www.securityfocus.com/bid/75705|VDB Entry,Third Party Advisory|Currently, we are not aware of any vendor-supplied patches. If you feel we are in error or are aware of more recent information, please mail us at: http://.
182|CVE-2014-8166|http://www.securityfocus.com/bid/73300|VDB Entry,Third Party Advisory|Updates are available. Please see the references or vendor advisory for more information.
183|CVE-2015-2981|http://www.securityfocus.com/bid/76266|VDB Entry,Third Party Advisory|Updates are available. Please see the references or vendor advisory for more information.
184|CVE-2017-14030|http://www.securityfocus.com/bid/102494|VDB Entry,Third Party Advisory|Updates are available. Please see the references or vendor advisory for more information.
185|CVE-2017-16739,CVE-2017-16737,CVE-2017-13999|http://www.securityfocus.com/bid/102493|VDB Entry,Third Party Advisory|Updates are available. Please see the references or vendor advisory for more information.
186|CVE-2017-18027|http://www.securityfocus.com/bid/102527|VDB Entry,Third Party Advisory|Updates are available. Please see the references or vendor advisory for more information.
187|CVE-2017-18029|http://www.securityfocus.com/bid/102519|VDB Entry,Third Party Advisory|Updates are available. Please see the references or vendor advisory for more information.
188|CVE-2017-13180,CVE-2017-13184,CVE-2017-13192,CVE-2017-13196,CVE-2017-13181,CVE-2017-13199,CVE-2017-0855,CVE-2017-13193,CVE-2017-13178,CVE-2017-13182,CVE-2017-13177,CVE-2017-13197,CVE-2017-13179,CVE-2017-13195,CVE-2017-13191|http://www.securityfocus.com/bid/102414|VDB Entry,Third Party Advisory|Updates are available. Please see the references or vendor advisory for more information.
189|CVE-2017-13176|http://www.securityfocus.com/bid/102422|VDB Entry,Third Party Advisory|Updates are available. Please see the references or vendor advisory for more information.
190|CVE-2017-13183|http://www.securityfocus.com/bid/102421|VDB Entry,Third Party Advisory|Updates are available. Please see the references or vendor advisory for more information.
191|CVE-2017-13201|http://www.securityfocus.com/bid/102529|VDB Entry,Third Party Advisory|Updates are available. Please see the references or vendor advisory for more information.
192|CVE-2017-13202|http://www.securityfocus.com/bid/102521|VDB Entry,Third Party Advisory|Updates are available. Please see the references or vendor advisory for more information.
193|CVE-2017-13206|http://www.securityfocus.com/bid/102523|VDB Entry,Third Party Advisory|Updates are available. Please see the references or vendor advisory for more information.
194|CVE-2017-13207|http://www.securityfocus.com/bid/102526|VDB Entry,Third Party Advisory|Updates are available. Please see the references or vendor advisory for more information.
195|CVE-2017-13211,CVE-2017-13208,CVE-2017-13210,CVE-2017-13209|http://www.securityfocus.com/bid/102415|VDB Entry,Third Party Advisory|Updates are available. Please see the references or vendor advisory for more information.
196|CVE-2017-13214|http://www.securityfocus.com/bid/102416|VDB Entry,Third Party Advisory|Updates are available. Please see the references or vendor advisory for more information.
197|CVE-2017-13218,CVE-2017-13216,CVE-2017-13215|http://www.securityfocus.com/bid/102390|VDB Entry,Third Party Advisory|Updates are available. Please see the references or vendor advisory for more information.
198|CVE-2017-13217|http://www.securityfocus.com/bid/102423|VDB Entry,Third Party Advisory|Updates are available. Please see the references or vendor advisory for more information.
199|CVE-2017-13225|http://www.securityfocus.com/bid/102420|VDB Entry,Third Party Advisory|Updates are available. Please see the references or vendor advisory for more information.
200|CVE-2017-15126|http://www.securityfocus.com/bid/102516||Updates are available. Please see the references or vendor advisory for more information.
201|CVE-2017-15127|http://www.securityfocus.com/bid/102517||Updates are available. Please see the references or vendor advisory for more information.
202|CVE-2018-5712|http://www.securityfocus.com/bid/102742|VDB Entry,Third Party Advisory|Updates are available. Please see the references or vendor advisory for more information.
203|CVE-2018-5712|http://www.securityfocus.com/bid/104020|VDB Entry,Third Party Advisory|Updates are available. Please see the references or vendor advisory for more information.
204|CVE-2014-9482|http://www.securityfocus.com/bid/71839|VDB Entry,Third Party Advisory|Currently, we are not aware of any vendor-supplied patches. If you feel we are in error or are aware of more recent information, please mail us at: vuldb@securityfocus.com.
205|CVE-2014-9485|http://www.securityfocus.com/bid/71846|VDB Entry,Third Party Advisory|Updates are available. Please see the references or vendor advisory for more information.
206|CVE-2017-8802|http://www.securityfocus.com/archive/1/541661/100/0/threaded||
207|CVE-2018-1000004|http://www.securityfocus.com/bid/104606||Updates are available. Please see the references or vendor advisory for more information.
208|CVE-2018-5764|http://www.securityfocus.com/bid/102803|VDB Entry,Third Party Advisory|Updates are available. Please see the references or vendor advisory for more information.
209|CVE-2017-10068|http://www.securityfocus.com/bid/102535|VDB Entry,Third Party Advisory|Updates are available. Please see the references or vendor advisory for more information.
210|CVE-2017-10262|http://www.securityfocus.com/bid/102562|VDB Entry,Third Party Advisory|Updates are available. Please see the references or vendor advisory for more information.
211|CVE-2017-10273|http://www.securityfocus.com/bid/102569|VDB Entry,Third Party Advisory|Updates are available. Please see the references or vendor advisory for more information.
212|CVE-2017-10282|http://www.securityfocus.com/bid/102534|VDB Entry,Third Party Advisory|Updates are available. Please see the references or vendor advisory for more information.
213|CVE-2017-10301|http://www.securityfocus.com/bid/102599|VDB Entry,Third Party Advisory|Updates are available. Please see the references or vendor advisory for more information.
214|CVE-2018-2560|http://www.securityfocus.com/bid/102617|VDB Entry,Third Party Advisory|Updates are available. Please see the references or vendor advisory for more information.
215|CVE-2018-2561|http://www.securityfocus.com/bid/102565|VDB Entry,Third Party Advisory|Updates are available. Please see the references or vendor advisory for more information.
216|CVE-2018-2562|http://www.securityfocus.com/bid/102713|VDB Entry,Third Party Advisory|Updates are available. Please see the references or vendor advisory for more information.
217|CVE-2018-2564|http://www.securityfocus.com/bid/102541|VDB Entry,Third Party Advisory|Updates are available. Please see the references or vendor advisory for more information.
218|CVE-2018-2565|http://www.securityfocus.com/bid/102712|VDB Entry,Third Party Advisory|Updates are available. Please see the references or vendor advisory for more information.
219|CVE-2018-2566|http://www.securityfocus.com/bid/102603|VDB Entry,Third Party Advisory|Updates are available. Please see the references or vendor advisory for more information.
220|CVE-2018-2567|http://www.securityfocus.com/bid/102671|VDB Entry,Third Party Advisory|Updates are available. Please see the references or vendor advisory for more information.
221|CVE-2018-2568|http://www.securityfocus.com/bid/102606|VDB Entry,Third Party Advisory|Updates are available. Please see the references or vendor advisory for more information.
222|CVE-2018-2569|http://www.securityfocus.com/bid/102536|VDB Entry,Third Party Advisory|Updates are available. Please see the references or vendor advisory for more information.
223|CVE-2018-2570|http://www.securityfocus.com/bid/102665|VDB Entry,Third Party Advisory|Updates are available. Please see the references or vendor advisory for more information.
224|CVE-2018-2571|http://www.securityfocus.com/bid/102669|VDB Entry,Third Party Advisory|Updates are available. Please see the references or vendor advisory for more information.
225|CVE-2018-2573|http://www.securityfocus.com/bid/102710|VDB Entry,Third Party Advisory|Updates are available. Please see the references or vendor advisory for more information.
226|CVE-2018-2574|http://www.securityfocus.com/bid/102623|VDB Entry,Third Party Advisory|Updates are available. Please see the references or vendor advisory for more information.
227|CVE-2018-2575|http://www.securityfocus.com/bid/102547|VDB Entry,Third Party Advisory|Updates are available. Please see the references or vendor advisory for more information.
228|CVE-2018-2576|http://www.securityfocus.com/bid/102695|VDB Entry,Third Party Advisory|Updates are available. Please see the references or vendor advisory for more information.
229|CVE-2018-2577|http://www.securityfocus.com/bid/102614|VDB Entry,Third Party Advisory|Updates are available. Please see the references or vendor advisory for more information.
230|CVE-2018-2578|http://www.securityfocus.com/bid/102611|VDB Entry,Third Party Advisory|Updates are available. Please see the references or vendor advisory for more information.
231|CVE-2018-2579|http://www.securityfocus.com/bid/102663|VDB Entry,Third Party Advisory|Updates are available. Please see the references or vendor advisory for more information.
232|CVE-2018-2580|http://www.securityfocus.com/bid/102654|VDB Entry,Third Party Advisory|Updates are available. Please see the references or vendor advisory for more information.
233|CVE-2018-2581|http://www.securityfocus.com/bid/102636|VDB Entry,Third Party Advisory|Updates are available. Please see the references or vendor advisory for more information.
234|CVE-2018-2582|http://www.securityfocus.com/bid/102597|VDB Entry,Third Party Advisory|Updates are available. Please see the references or vendor advisory for more information.
235|CVE-2018-2583|http://www.securityfocus.com/bid/102708|VDB Entry,Third Party Advisory|Updates are available. Please see the references or vendor advisory for more information.
236|CVE-2018-2584|http://www.securityfocus.com/bid/102573|VDB Entry,Third Party Advisory|Updates are available. Please see the references or vendor advisory for more information.
237|CVE-2018-2585|http://www.securityfocus.com/bid/102674|VDB Entry,Third Party Advisory|Updates are available. Please see the references or vendor advisory for more information.
238|CVE-2018-2586|http://www.securityfocus.com/bid/102700|VDB Entry,Third Party Advisory|Updates are available. Please see the references or vendor advisory for more information.
239|CVE-2018-2588|http://www.securityfocus.com/bid/102661|VDB Entry,Third Party Advisory|Updates are available. Please see the references or vendor advisory for more information.
240|CVE-2018-2589|http://www.securityfocus.com/bid/102540|VDB Entry,Third Party Advisory|Updates are available. Please see the references or vendor advisory for more information.
241|CVE-2018-2590|http://www.securityfocus.com/bid/102697|VDB Entry,Third Party Advisory|Updates are available. Please see the references or vendor advisory for more information.
242|CVE-2018-2591|http://www.securityfocus.com/bid/102714|VDB Entry,Third Party Advisory|Updates are available. Please see the references or vendor advisory for more information.
243|CVE-2018-2592|http://www.securityfocus.com/bid/102626|VDB Entry,Third Party Advisory|Updates are available. Please see the references or vendor advisory for more information.
244|CVE-2018-2593|http://www.securityfocus.com/bid/102581|VDB Entry,Third Party Advisory|Updates are available. Please see the references or vendor advisory for more information.
245|CVE-2018-2594|http://www.securityfocus.com/bid/102641|VDB Entry,Third Party Advisory|Updates are available. Please see the references or vendor advisory for more information.
246|CVE-2018-2595|http://www.securityfocus.com/bid/102643|VDB Entry,Third Party Advisory|Updates are available. Please see the references or vendor advisory for more information.
247|CVE-2018-2596|http://www.securityfocus.com/bid/102545|VDB Entry,Third Party Advisory|Updates are available. Please see the references or vendor advisory for more information.
248|CVE-2018-2597|http://www.securityfocus.com/bid/102572|VDB Entry,Third Party Advisory|Updates are available. Please see the references or vendor advisory for more information.
249|CVE-2018-2599|http://www.securityfocus.com/bid/102633|VDB Entry,Third Party Advisory|Updates are available. Please see the references or vendor advisory for more information.
250|CVE-2018-2600|http://www.securityfocus.com/bid/102696|VDB Entry,Third Party Advisory|Updates are available. Please see the references or vendor advisory for more information.
251|CVE-2018-2601|http://www.securityfocus.com/bid/102553|VDB Entry,Third Party Advisory|Updates are available. Please see the references or vendor advisory for more information.
252|CVE-2018-2602|http://www.securityfocus.com/bid/102642|VDB Entry,Third Party Advisory|Updates are available. Please see the references or vendor advisory for more information.
253|CVE-2018-2603|http://www.securityfocus.com/bid/102625|VDB Entry,Third Party Advisory|Updates are available. Please see the references or vendor advisory for more information.
254|CVE-2018-2604|http://www.securityfocus.com/bid/102578|VDB Entry,Third Party Advisory|Updates are available. Please see the references or vendor advisory for more information.
255|CVE-2018-2605|http://www.securityfocus.com/bid/102589|VDB Entry,Third Party Advisory|Updates are available. Please see the references or vendor advisory for more information.
256|CVE-2018-2606|http://www.securityfocus.com/bid/102579|VDB Entry,Third Party Advisory|Updates are available. Please see the references or vendor advisory for more information.
257|CVE-2018-2607|http://www.securityfocus.com/bid/102580|VDB Entry,Third Party Advisory|Updates are available. Please see the references or vendor advisory for more information.
258|CVE-2018-2608|http://www.securityfocus.com/bid/102538|VDB Entry,Third Party Advisory|Updates are available. Please see the references or vendor advisory for more information.
259|CVE-2018-2609|http://www.securityfocus.com/bid/102620|VDB Entry,Third Party Advisory|Updates are available. Please see the references or vendor advisory for more information.
260|CVE-2018-2610|http://www.securityfocus.com/bid/102637|VDB Entry,Third Party Advisory|Updates are available. Please see the references or vendor advisory for more information.
261|CVE-2018-2611|http://www.securityfocus.com/bid/102587|VDB Entry,Third Party Advisory|Updates are available. Please see the references or vendor advisory for more information.
262|CVE-2018-2612|http://www.securityfocus.com/bid/102709|VDB Entry,Third Party Advisory|Updates are available. Please see the references or vendor advisory for more information.
263|CVE-2018-2613|http://www.securityfocus.com/bid/102616|VDB Entry,Third Party Advisory|Updates are available. Please see the references or vendor advisory for more information.
264|CVE-2018-2614|http://www.securityfocus.com/bid/102598|VDB Entry,Third Party Advisory|Updates are available. Please see the references or vendor advisory for more information.
265|CVE-2018-2615|http://www.securityfocus.com/bid/102640|VDB Entry,Third Party Advisory|Updates are available. Please see the references or vendor advisory for more information.
266|CVE-2018-2616|http://www.securityfocus.com/bid/102644|VDB Entry,Third Party Advisory|Updates are available. Please see the references or vendor advisory for more information.
267|CVE-2018-2617|http://www.securityfocus.com/bid/102645|VDB Entry,Third Party Advisory|Updates are available. Please see the references or vendor advisory for more information.
268|CVE-2018-2618|http://www.securityfocus.com/bid/102612|VDB Entry,Third Party Advisory|Updates are available. Please see the references or vendor advisory for more information.
269|CVE-2018-2619|http://www.securityfocus.com/bid/102548|VDB Entry,Third Party Advisory|Updates are available. Please see the references or vendor advisory for more information.
270|CVE-2018-2620|http://www.securityfocus.com/bid/102583|VDB Entry,Third Party Advisory|Updates are available. Please see the references or vendor advisory for more information.
271|CVE-2018-2621|http://www.securityfocus.com/bid/102574|VDB Entry,Third Party Advisory|Updates are available. Please see the references or vendor advisory for more information.
272|CVE-2018-2622|http://www.securityfocus.com/bid/102706|VDB Entry,Third Party Advisory|Updates are available. Please see the references or vendor advisory for more information.
273|CVE-2018-2623|http://www.securityfocus.com/bid/102590|VDB Entry,Third Party Advisory|Updates are available. Please see the references or vendor advisory for more information.
274|CVE-2018-2624|http://www.securityfocus.com/bid/102595|VDB Entry,Third Party Advisory|Updates are available. Please see the references or vendor advisory for more information.
275|CVE-2018-2625|http://www.securityfocus.com/bid/102567|VDB Entry,Third Party Advisory|Updates are available. Please see the references or vendor advisory for more information.
276|CVE-2018-2626|http://www.securityfocus.com/bid/102630|VDB Entry,Third Party Advisory|Updates are available. Please see the references or vendor advisory for more information.
277|CVE-2018-2627|http://www.securityfocus.com/bid/102584|VDB Entry,Third Party Advisory|Updates are available. Please see the references or vendor advisory for more information.
278|CVE-2018-2629|http://www.securityfocus.com/bid/102615|VDB Entry,Third Party Advisory|Updates are available. Please see the references or vendor advisory for more information.
279|CVE-2018-2630|http://www.securityfocus.com/bid/102593|VDB Entry,Third Party Advisory|Updates are available. Please see the references or vendor advisory for more information.
280|CVE-2018-2631|http://www.securityfocus.com/bid/102628|VDB Entry,Third Party Advisory|Updates are available. Please see the references or vendor advisory for more information.
281|CVE-2018-2632|http://www.securityfocus.com/bid/102631|VDB Entry,Third Party Advisory|Updates are available. Please see the references or vendor advisory for more information.
282|CVE-2018-2633|http://www.securityfocus.com/bid/102557|VDB Entry,Third Party Advisory|Updates are available. Please see the references or vendor advisory for more information.
283|CVE-2018-2634|http://www.securityfocus.com/bid/102592|VDB Entry,Third Party Advisory|Updates are available. Please see the references or vendor advisory for more information.
284|CVE-2018-2635|http://www.securityfocus.com/bid/102652|VDB Entry,Third Party Advisory|Updates are available. Please see the references or vendor advisory for more information.
285|CVE-2018-2636|http://www.securityfocus.com/bid/102560|VDB Entry,Third Party Advisory|Updates are available. Please see the references or vendor advisory for more information.
286|CVE-2018-2637|http://www.securityfocus.com/bid/102576|VDB Entry,Third Party Advisory|Updates are available. Please see the references or vendor advisory for more information.
287|CVE-2018-2638|http://www.securityfocus.com/bid/102546|VDB Entry,Third Party Advisory|Updates are available. Please see the references or vendor advisory for more information.
288|CVE-2018-2639|http://www.securityfocus.com/bid/102556|Third Party Advisory|Updates are available. Please see the references or vendor advisory for more information.
289|CVE-2018-2640|http://www.securityfocus.com/bid/102678|VDB Entry,Third Party Advisory|Updates are available. Please see the references or vendor advisory for more information.
290|CVE-2018-2641|http://www.securityfocus.com/bid/102605|VDB Entry,Third Party Advisory|Updates are available. Please see the references or vendor advisory for more information.
291|CVE-2018-2642|http://www.securityfocus.com/bid/102619|VDB Entry,Third Party Advisory|Updates are available. Please see the references or vendor advisory for more information.
292|CVE-2018-2643|http://www.securityfocus.com/bid/102622|VDB Entry,Third Party Advisory|Updates are available. Please see the references or vendor advisory for more information.
293|CVE-2018-2644|http://www.securityfocus.com/bid/102627|VDB Entry,Third Party Advisory|Updates are available. Please see the references or vendor advisory for more information.
294|CVE-2018-2645|http://www.securityfocus.com/bid/102698|VDB Entry,Third Party Advisory|Updates are available. Please see the references or vendor advisory for more information.
295|CVE-2018-2646|http://www.securityfocus.com/bid/102703|VDB Entry,Third Party Advisory|Updates are available. Please see the references or vendor advisory for more information.
296|CVE-2018-2647|http://www.securityfocus.com/bid/102711|VDB Entry,Third Party Advisory|Updates are available. Please see the references or vendor advisory for more information.
297|CVE-2018-2648|http://www.securityfocus.com/bid/102577|VDB Entry,Third Party Advisory|Updates are available. Please see the references or vendor advisory for more information.
298|CVE-2018-2649|http://www.securityfocus.com/bid/102582|VDB Entry,Third Party Advisory|Updates are available. Please see the references or vendor advisory for more information.
299|CVE-2018-2650|http://www.securityfocus.com/bid/102564|VDB Entry,Third Party Advisory|Updates are available. Please see the references or vendor advisory for more information.
300|CVE-2018-2651|http://www.securityfocus.com/bid/102588|VDB Entry,Third Party Advisory|Updates are available. Please see the references or vendor advisory for more information.
301|CVE-2018-2652|http://www.securityfocus.com/bid/102586|VDB Entry,Third Party Advisory|Updates are available. Please see the references or vendor advisory for more information.
302|CVE-2018-2653|http://www.securityfocus.com/bid/102596|VDB Entry,Third Party Advisory|Updates are available. Please see the references or vendor advisory for more information.
303|CVE-2018-2654|http://www.securityfocus.com/bid/102604|VDB Entry,Third Party Advisory|Updates are available. Please see the references or vendor advisory for more information.
304|CVE-2018-2655|http://www.securityfocus.com/bid/102646|VDB Entry,Third Party Advisory|Updates are available. Please see the references or vendor advisory for more information.
305|CVE-2018-2656|http://www.securityfocus.com/bid/102639|VDB Entry,Third Party Advisory|Updates are available. Please see the references or vendor advisory for more information.
306|CVE-2018-2657|http://www.securityfocus.com/bid/102629|VDB Entry,Third Party Advisory|Updates are available. Please see the references or vendor advisory for more information.
307|CVE-2018-2658|http://www.securityfocus.com/bid/102705|VDB Entry,Third Party Advisory|Updates are available. Please see the references or vendor advisory for more information.
308|CVE-2018-2659|http://www.securityfocus.com/bid/102707|VDB Entry,Third Party Advisory|Updates are available. Please see the references or vendor advisory for more information.
309|CVE-2018-2660|http://www.securityfocus.com/bid/102677|VDB Entry,Third Party Advisory|Updates are available. Please see the references or vendor advisory for more information.
310|CVE-2018-2661|http://www.securityfocus.com/bid/102679|VDB Entry,Third Party Advisory|Updates are available. Please see the references or vendor advisory for more information.
311|CVE-2018-2662|http://www.securityfocus.com/bid/102624|VDB Entry,Third Party Advisory|Updates are available. Please see the references or vendor advisory for more information.
312|CVE-2018-2663|http://www.securityfocus.com/bid/102662|VDB Entry,Third Party Advisory|Updates are available. Please see the references or vendor advisory for more information.
313|CVE-2018-2664|http://www.securityfocus.com/bid/102594|VDB Entry,Third Party Advisory|Updates are available. Please see the references or vendor advisory for more information.
314|CVE-2018-2665|http://www.securityfocus.com/bid/102681|VDB Entry,Third Party Advisory|Updates are available. Please see the references or vendor advisory for more information.
315|CVE-2018-2666|http://www.securityfocus.com/bid/102575|VDB Entry,Third Party Advisory|Updates are available. Please see the references or vendor advisory for more information.
316|CVE-2018-2667|http://www.securityfocus.com/bid/102685|VDB Entry,Third Party Advisory|Updates are available. Please see the references or vendor advisory for more information.
317|CVE-2018-2668|http://www.securityfocus.com/bid/102682|VDB Entry,Third Party Advisory|Updates are available. Please see the references or vendor advisory for more information.
318|CVE-2018-2669|http://www.securityfocus.com/bid/102570|VDB Entry,Third Party Advisory|Updates are available. Please see the references or vendor advisory for more information.
319|CVE-2018-2670|http://www.securityfocus.com/bid/102676|VDB Entry,Third Party Advisory|Updates are available. Please see the references or vendor advisory for more information.
320|CVE-2018-2671|http://www.securityfocus.com/bid/102602|VDB Entry,Third Party Advisory|Updates are available. Please see the references or vendor advisory for more information.
321|CVE-2018-2672|http://www.securityfocus.com/bid/102542|VDB Entry,Third Party Advisory|Updates are available. Please see the references or vendor advisory for more information.
322|CVE-2018-2673|http://www.securityfocus.com/bid/102552|VDB Entry,Third Party Advisory|Updates are available. Please see the references or vendor advisory for more information.
323|CVE-2018-2674|http://www.securityfocus.com/bid/102686|VDB Entry,Third Party Advisory|Updates are available. Please see the references or vendor advisory for more information.
324|CVE-2018-2675|http://www.securityfocus.com/bid/102670|VDB Entry,Third Party Advisory|Updates are available. Please see the references or vendor advisory for more information.
325|CVE-2018-2676|http://www.securityfocus.com/bid/102699|VDB Entry,Third Party Advisory|Updates are available. Please see the references or vendor advisory for more information.
326|CVE-2018-2677|http://www.securityfocus.com/bid/102656|VDB Entry,Third Party Advisory|Updates are available. Please see the references or vendor advisory for more information.
327|CVE-2018-2678|http://www.securityfocus.com/bid/102659|VDB Entry,Third Party Advisory|Updates are available. Please see the references or vendor advisory for more information.
328|CVE-2018-2679|http://www.securityfocus.com/bid/102675|VDB Entry,Third Party Advisory|Updates are available. Please see the references or vendor advisory for more information.
329|CVE-2018-2680|http://www.securityfocus.com/bid/102571|VDB Entry,Third Party Advisory|Updates are available. Please see the references or vendor advisory for more information.
330|CVE-2018-2681|http://www.securityfocus.com/bid/102607|VDB Entry,Third Party Advisory|Updates are available. Please see the references or vendor advisory for more information.
331|CVE-2018-2682|http://www.securityfocus.com/bid/102657|VDB Entry,Third Party Advisory|Updates are available. Please see the references or vendor advisory for more information.
332|CVE-2018-2683|http://www.securityfocus.com/bid/102544|VDB Entry,Third Party Advisory|Updates are available. Please see the references or vendor advisory for more information.
333|CVE-2018-2684|http://www.securityfocus.com/bid/102649|VDB Entry,Third Party Advisory|Updates are available. Please see the references or vendor advisory for more information.
334|CVE-2018-2685|http://www.securityfocus.com/bid/102689|VDB Entry,Third Party Advisory|Updates are available. Please see the references or vendor advisory for more information.
335|CVE-2018-2686|http://www.securityfocus.com/bid/102690|VDB Entry,Third Party Advisory|Updates are available. Please see the references or vendor advisory for more information.
336|CVE-2018-2687|http://www.securityfocus.com/bid/102691|VDB Entry,Third Party Advisory|Updates are available. Please see the references or vendor advisory for more information.
337|CVE-2018-2688|http://www.securityfocus.com/bid/102692|VDB Entry,Third Party Advisory|Updates are available. Please see the references or vendor advisory for more information.
338|CVE-2018-2689|http://www.securityfocus.com/bid/102693|VDB Entry,Third Party Advisory|Updates are available. Please see the references or vendor advisory for more information.
339|CVE-2018-2690|http://www.securityfocus.com/bid/102694|VDB Entry,Third Party Advisory|Updates are available. Please see the references or vendor advisory for more information.
340|CVE-2018-2691|http://www.securityfocus.com/bid/102647|VDB Entry,Third Party Advisory|Updates are available. Please see the references or vendor advisory for more information.
341|CVE-2018-2692|http://www.securityfocus.com/bid/102621|VDB Entry,Third Party Advisory|Updates are available. Please see the references or vendor advisory for more information.
342|CVE-2018-2693|http://www.securityfocus.com/bid/102702|VDB Entry,Third Party Advisory|Updates are available. Please see the references or vendor advisory for more information.
343|CVE-2018-2694|http://www.securityfocus.com/bid/102687|VDB Entry,Third Party Advisory|Updates are available. Please see the references or vendor advisory for more information.
344|CVE-2018-2695|http://www.securityfocus.com/bid/102591|VDB Entry,Third Party Advisory|Updates are available. Please see the references or vendor advisory for more information.
345|CVE-2018-2696|http://www.securityfocus.com/bid/102701|VDB Entry,Third Party Advisory|Updates are available. Please see the references or vendor advisory for more information.
346|CVE-2018-2697|http://www.securityfocus.com/bid/102533|VDB Entry,Third Party Advisory|Updates are available. Please see the references or vendor advisory for more information.
347|CVE-2018-2698|http://www.securityfocus.com/bid/102688|VDB Entry,Third Party Advisory|Updates are available. Please see the references or vendor advisory for more information.
348|CVE-2018-2699|http://www.securityfocus.com/bid/102563|VDB Entry,Third Party Advisory|Updates are available. Please see the references or vendor advisory for more information.
349|CVE-2018-2700|http://www.securityfocus.com/bid/102559|VDB Entry,Third Party Advisory|Updates are available. Please see the references or vendor advisory for more information.
350|CVE-2018-2701|http://www.securityfocus.com/bid/102554|VDB Entry,Third Party Advisory|Updates are available. Please see the references or vendor advisory for more information.
351|CVE-2018-2702|http://www.securityfocus.com/bid/102600|VDB Entry,Third Party Advisory|Updates are available. Please see the references or vendor advisory for more information.
352|CVE-2018-2703|http://www.securityfocus.com/bid/102704|VDB Entry,Third Party Advisory|Updates are available. Please see the references or vendor advisory for more information.
353|CVE-2018-2704|http://www.securityfocus.com/bid/102568|VDB Entry,Third Party Advisory|Updates are available. Please see the references or vendor advisory for more information.
354|CVE-2018-2705|http://www.securityfocus.com/bid/102561|VDB Entry,Third Party Advisory|Updates are available. Please see the references or vendor advisory for more information.
355|CVE-2018-2706|http://www.securityfocus.com/bid/102543|VDB Entry,Third Party Advisory|Updates are available. Please see the references or vendor advisory for more information.
356|CVE-2018-2707|http://www.securityfocus.com/bid/102551||Updates are available. Please see the references or vendor advisory for more information.
357|CVE-2018-2708|http://www.securityfocus.com/bid/102684|VDB Entry,Third Party Advisory|Updates are available. Please see the references or vendor advisory for more information.
358|CVE-2018-2709|http://www.securityfocus.com/bid/102555||Updates are available. Please see the references or vendor advisory for more information.
359|CVE-2018-2710|http://www.securityfocus.com/bid/102608|VDB Entry,Third Party Advisory|Updates are available. Please see the references or vendor advisory for more information.
360|CVE-2018-2711|http://www.securityfocus.com/bid/102539|VDB Entry,Third Party Advisory|Updates are available. Please see the references or vendor advisory for more information.
361|CVE-2018-2712|http://www.securityfocus.com/bid/102660|VDB Entry,Third Party Advisory|Updates are available. Please see the references or vendor advisory for more information.
362|CVE-2018-2713|http://www.securityfocus.com/bid/102550|VDB Entry,Third Party Advisory|Updates are available. Please see the references or vendor advisory for more information.
363|CVE-2018-2714|http://www.securityfocus.com/bid/102666|VDB Entry,Third Party Advisory|Updates are available. Please see the references or vendor advisory for more information.
364|CVE-2018-2715|http://www.securityfocus.com/bid/102558|VDB Entry,Third Party Advisory|Updates are available. Please see the references or vendor advisory for more information.
365|CVE-2018-2716|http://www.securityfocus.com/bid/102672|VDB Entry,Third Party Advisory|Updates are available. Please see the references or vendor advisory for more information.
366|CVE-2018-2717|http://www.securityfocus.com/bid/102613|VDB Entry,Third Party Advisory|Updates are available. Please see the references or vendor advisory for more information.
367|CVE-2018-2719|http://www.securityfocus.com/bid/102653|VDB Entry,Third Party Advisory|Updates are available. Please see the references or vendor advisory for more information.
368|CVE-2018-2720|http://www.securityfocus.com/bid/102655|VDB Entry,Third Party Advisory|Updates are available. Please see the references or vendor advisory for more information.
369|CVE-2018-2721|http://www.securityfocus.com/bid/102668|VDB Entry,Third Party Advisory|Updates are available. Please see the references or vendor advisory for more information.
370|CVE-2018-2722|http://www.securityfocus.com/bid/102673|VDB Entry,Third Party Advisory|Updates are available. Please see the references or vendor advisory for more information.
371|CVE-2018-2723|http://www.securityfocus.com/bid/102601|VDB Entry,Third Party Advisory|Updates are available. Please see the references or vendor advisory for more information.
372|CVE-2018-2724|http://www.securityfocus.com/bid/102658|VDB Entry,Third Party Advisory|Updates are available. Please see the references or vendor advisory for more information.
373|CVE-2018-2725|http://www.securityfocus.com/bid/102651|VDB Entry,Third Party Advisory|Updates are available. Please see the references or vendor advisory for more information.
374|CVE-2018-2726|http://www.securityfocus.com/bid/102664|VDB Entry,Third Party Advisory|Updates are available. Please see the references or vendor advisory for more information.
375|CVE-2018-2727|http://www.securityfocus.com/bid/102667|VDB Entry,Third Party Advisory|
376|CVE-2018-2728|http://www.securityfocus.com/bid/102650|VDB Entry,Third Party Advisory|Updates are available. Please see the references or vendor advisory for more information.
377|CVE-2018-2729|http://www.securityfocus.com/bid/102635|VDB Entry,Third Party Advisory|Updates are available. Please see the references or vendor advisory for more information.
378|CVE-2018-2730|http://www.securityfocus.com/bid/102680|VDB Entry,Third Party Advisory|Updates are available. Please see the references or vendor advisory for more information.
379|CVE-2018-2731|http://www.securityfocus.com/bid/102610|VDB Entry,Third Party Advisory|Updates are available. Please see the references or vendor advisory for more information.
380|CVE-2018-2732|http://www.securityfocus.com/bid/102683|VDB Entry,Third Party Advisory|Updates are available. Please see the references or vendor advisory for more information.
381|CVE-2018-2733|http://www.securityfocus.com/bid/102634|VDB Entry,Third Party Advisory|Updates are available. Please see the references or vendor advisory for more information.
382|CVE-2017-12307|http://www.securityfocus.com/bid/102718|VDB Entry,Third Party Advisory|Currently, we are not aware of any vendor-supplied patches. If you feel we are in error or are aware of more recent information, please mail us at: vuldb@securityfocus.com.
383|CVE-2018-0086|http://www.securityfocus.com/bid/102745|VDB Entry,Third Party Advisory|Updates are available. Please see the references or vendor advisory for more information.
384|CVE-2018-0089|http://www.securityfocus.com/bid/102758|VDB Entry,Third Party Advisory|Updates are available. Please see the references or vendor advisory for more information.
385|CVE-2018-0090|http://www.securityfocus.com/bid/102753|VDB Entry,Third Party Advisory|Updates are available. Please see the references or vendor advisory for more information.
386|CVE-2018-0091|http://www.securityfocus.com/bid/102756|VDB Entry,Third Party Advisory|Updates are available. Please see the references or vendor advisory for more information.
387|CVE-2018-0092|http://www.securityfocus.com/bid/102750|VDB Entry,Third Party Advisory|Updates are available. Please see the references or vendor advisory for more information.
388|CVE-2018-0093|http://www.securityfocus.com/bid/102735|VDB Entry,Third Party Advisory|Updates are available. Please see the references or vendor advisory for more information.
389|CVE-2018-0094|http://www.securityfocus.com/bid/102787|VDB Entry,Third Party Advisory|Updates are available. Please see the references or vendor advisory for more information.
390|CVE-2018-0095|http://www.securityfocus.com/bid/102729|VDB Entry,Third Party Advisory|Updates are available. Please see the references or vendor advisory for more information.
391|CVE-2018-0096|http://www.securityfocus.com/bid/102727|VDB Entry,Third Party Advisory|Updates are available. Please see the references or vendor advisory for more information.
392|CVE-2018-0097|http://www.securityfocus.com/bid/102724|VDB Entry,Third Party Advisory|Updates are available. Please see the references or vendor advisory for more information.
393|CVE-2018-0098|http://www.securityfocus.com/bid/102763|VDB Entry,Third Party Advisory|Updates are available. Please see the references or vendor advisory for more information.
394|CVE-2018-0099|http://www.securityfocus.com/bid/102731|VDB Entry,Third Party Advisory|Updates are available. Please see the references or vendor advisory for more information.
395|CVE-2018-0100|http://www.securityfocus.com/bid/102738|VDB Entry,Third Party Advisory|Updates are available. Please see the references or vendor advisory for more information.
396|CVE-2018-0102|http://www.securityfocus.com/bid/102728|VDB Entry,Third Party Advisory|Updates are available. Please see the references or vendor advisory for more information.
397|CVE-2018-0105|http://www.securityfocus.com/bid/102725|VDB Entry,Third Party Advisory|Updates are available. Please see the references or vendor advisory for more information.
398|CVE-2018-0106|http://www.securityfocus.com/bid/102757|VDB Entry,Third Party Advisory|Updates are available. Please see the references or vendor advisory for more information.
399|CVE-2018-0107|http://www.securityfocus.com/bid/102719|VDB Entry,Third Party Advisory|Updates are available. Please see the references or vendor advisory for more information.
400|CVE-2018-0108|http://www.securityfocus.com/bid/102720|VDB Entry,Third Party Advisory|Updates are available. Please see the references or vendor advisory for more information.
401|CVE-2018-0109|http://www.securityfocus.com/bid/102722|VDB Entry,Third Party Advisory|Updates are available. Please see the references or vendor advisory for more information.
402|CVE-2018-0110|http://www.securityfocus.com/bid/102773|VDB Entry,Third Party Advisory|Updates are available. Please see the references or vendor advisory for more information.
403|CVE-2018-0111|http://www.securityfocus.com/bid/102723|VDB Entry,Third Party Advisory|Updates are available. Please see the references or vendor advisory for more information.
404|CVE-2018-0115|http://www.securityfocus.com/bid/102788|VDB Entry,Third Party Advisory|Updates are available. Please see the references or vendor advisory for more information.
405|CVE-2018-5766|http://www.securityfocus.com/bid/102793|VDB Entry,Third Party Advisory|Currently, we are not aware of any vendor-supplied patches. If you feel we are in error or if you are aware of more recent information, please mail us at: vuldb@securityfocus.com.
406|CVE-2018-5772|http://www.securityfocus.com/bid/102789|VDB Entry,Third Party Advisory|Updates are available. Please see the references or vendor advisory for more information.
407|CVE-2017-15869|http://www.securityfocus.com/archive/1/541688/100/0/threaded|Exploit,VDB Entry,Third Party Advisory|
408|CVE-2017-18033|http://www.securityfocus.com/bid/102744|VDB Entry,Third Party Advisory|Updates are available. Please see the references or vendor advisory for more information.
409|CVE-2016-6814|http://www.securityfocus.com/bid/95429|VDB Entry,Third Party Advisory|Updates are available. Please see the references or vendor advisory for more information.
410|CVE-2017-16863|http://www.securityfocus.com/bid/102732|VDB Entry,Third Party Advisory|Updates are available. Please see the references or vendor advisory for more information.
411|CVE-2017-5170|http://www.securityfocus.com/bid/100208|VDB Entry,Third Party Advisory|Updates are available. Please see the references or vendor advisory for more information.
412|CVE-2012-6708|http://www.securityfocus.com/bid/102792|VDB Entry,Third Party Advisory|Updates are available. Please see the references or vendor advisory for more information.
413|CVE-2015-9251|http://www.securityfocus.com/bid/105658|VDB Entry,Third Party Advisory|Updates are available. Please see the references or vendor advisory for more information.
414|CVE-2017-1693|http://www.securityfocus.com/bid/102760|VDB Entry,Third Party Advisory|Updates are available. Please see the references or vendor advisory for more information.
415|CVE-2017-14097,CVE-2017-14095,CVE-2017-14094,CVE-2017-14096,CVE-2017-11398|http://www.securityfocus.com/bid/102275|VDB Entry,Third Party Advisory|Updates are available. Please see the references or vendor advisory for more information.
416|CVE-2017-12098|http://www.securityfocus.com/bid/102486|VDB Entry,Third Party Advisory|Currently we are not aware of any vendor-supplied patches. If you feel we are in error or if you are aware of more recent information, please mail us at: vuldb@securityfocus.com
417|CVE-2017-14082|http://www.securityfocus.com/bid/102216|VDB Entry,Third Party Advisory|Updates are available. Please see the references or vendor advisory for more information.
418|CVE-2017-12097|http://www.securityfocus.com/bid/102484|VDB Entry,Third Party Advisory|Currently we are not aware of any vendor-supplied patches. If you feel we are in error or if you are aware of more recent information, please mail us at: vuldb@securityfocus.com
419|CVE-2017-12115,CVE-2017-14457,CVE-2017-12114,CVE-2017-12118,CVE-2017-12113,CVE-2017-12116,CVE-2017-12112,CVE-2017-12117,CVE-2017-12119|http://www.securityfocus.com/bid/102475|VDB Entry,Third Party Advisory|Currently, we are not aware of any vendor-supplied patches. If you feel we are in error or if you are aware of more recent information, please mail us at: vuldb@securityfocus.com.
420|CVE-2017-12130|http://www.securityfocus.com/bid/102795|VDB Entry,Third Party Advisory|Currently, we are not aware of any vendor-supplied patches. If you feel we are in error or if you are aware of more recent information, please mail us at: vuldb@securityfocus.com.
421|CVE-2016-10708|http://www.securityfocus.com/bid/102780|VDB Entry,Third Party Advisory|Updates are available. Please see the references or vendor advisory for more information.
422|CVE-2018-1042|http://www.securityfocus.com/bid/102752|VDB Entry,Third Party Advisory|Updates are available. Please see the references or vendor advisory for more information.
423|CVE-2018-1043|http://www.securityfocus.com/bid/102769|VDB Entry,Third Party Advisory|Updates are available. Please see the references or vendor advisory for more information.
424|CVE-2018-1044|http://www.securityfocus.com/bid/102754|VDB Entry,Third Party Advisory|Updates are available. Please see the references or vendor advisory for more information.
425|CVE-2018-1045|http://www.securityfocus.com/bid/102755|VDB Entry,Third Party Advisory|Updates are available. Please see the references or vendor advisory for more information.
426|CVE-2018-0845|http://www.securityfocus.com/bid/102746|VDB Entry,Third Party Advisory|Updates are available. Please see the references or vendor advisory for more information.
427|CVE-2018-0848|http://www.securityfocus.com/bid/102747|VDB Entry,Third Party Advisory|Updates are available. Please see the references or vendor advisory for more information.
428|CVE-2018-0849|http://www.securityfocus.com/bid/102748|VDB Entry,Third Party Advisory|Updates are available. Please see the references or vendor advisory for more information.
429|CVE-2018-0862|http://www.securityfocus.com/bid/102749|VDB Entry,Third Party Advisory|Updates are available. Please see the references or vendor advisory for more information.
430|CVE-2016-5345|http://www.securityfocus.com/bid/95273|VDB Entry,Third Party Advisory|Updates are available. Please see the references or vendor advisory for more information.
431|CVE-2017-16600|http://www.securityfocus.com/bid/102528|VDB Entry,Third Party Advisory|Reportedly the issue is fixed, however Symantec has not confirmed this. Please contact the vendor for more information.
432|CVE-2017-16605|http://www.securityfocus.com/bid/102512|VDB Entry,Third Party Advisory|Reportedly the issue is fixed, however Symantec has not confirmed this. Please contact the vendor for more information.
433|CVE-2017-16607|http://www.securityfocus.com/bid/102219|VDB Entry,Third Party Advisory|Updates are available. Please see the references or vendor advisory for more information.
434|CVE-2018-1000008|http://www.securityfocus.com/bid/102844|VDB Entry,Third Party Advisory|Updates are available. Please see the references or vendor advisory for more information.
435|CVE-2018-1000013|http://www.securityfocus.com/bid/102834|VDB Entry,Third Party Advisory|Updates are available. Please see the references or vendor advisory for more information.
436|CVE-2018-1000014|http://www.securityfocus.com/bid/102809|VDB Entry,Third Party Advisory|Updates are available. Please see the references or vendor advisory for more information.
437|CVE-2017-15090,CVE-2017-15093,CVE-2017-15092,CVE-2017-15091,CVE-2017-15094|http://www.securityfocus.com/bid/101982|VDB Entry,Third Party Advisory|Updates are available. Please see the references or vendor advisory for more information.
438|CVE-2017-15105|http://www.securityfocus.com/bid/102817|VDB Entry,Third Party Advisory|Updates are available. Please see the references or vendor advisory for more information.
439|CVE-2017-15107|http://www.securityfocus.com/bid/102812|VDB Entry,Third Party Advisory|Updates are available. Please see the references or vendor advisory for more information.
440|CVE-2017-2750|http://www.securityfocus.com/bid/101965|VDB Entry,Third Party Advisory|Updates are available. Please see the references or vendor advisory for more information.
441|CVE-2018-5950|http://www.securityfocus.com/bid/104594|VDB Entry,Third Party Advisory|Updates are available. Please see the references or vendor advisory for more information.
442|CVE-2017-18030|http://www.securityfocus.com/bid/102520|VDB Entry,Third Party Advisory|Updates are available. Please see the references or vendor advisory for more information.
443|CVE-2018-5683|http://www.securityfocus.com/bid/102518|VDB Entry,Third Party Advisory|Updates are available. Please see the references or vendor advisory for more information.
444|CVE-2017-15531|http://www.securityfocus.com/bid/102751|VDB Entry,Third Party Advisory|Updates are available. Please see the references or vendor advisory for more information.
445|CVE-2017-18075|http://www.securityfocus.com/bid/102813|VDB Entry,Third Party Advisory|Updates are available. Please see the references or vendor advisory for more information.
446|CVE-2018-6187|http://www.securityfocus.com/bid/102823|VDB Entry,Third Party Advisory|Currently, we are not aware of any vendor-supplied patches. If you feel we are in error or if you are aware of more recent information, please mail us at: vuldb@securityfocus.com.
447|CVE-2017-1769|http://www.securityfocus.com/bid/102777|VDB Entry,Third Party Advisory|Updates are available. Please see the references or vendor advisory for more information.
448|CVE-2017-15135|http://www.securityfocus.com/bid/102811|VDB Entry,Third Party Advisory|Updates are available. Please see the references or vendor advisory for more information.
449|CVE-2018-4834|http://www.securityfocus.com/bid/102850|VDB Entry,Third Party Advisory|Updates are available. Please see the references or vendor advisory for more information.
450|CVE-2018-5759|http://www.securityfocus.com/bid/102833|VDB Entry,Third Party Advisory|Updates are available. Please see the references or vendor advisory for more information.
451|CVE-2018-6191|http://www.securityfocus.com/bid/102840|VDB Entry,Third Party Advisory|Updates are available. Please see the references or vendor advisory for more information.
452|CVE-2018-6192|http://www.securityfocus.com/bid/102822|VDB Entry,Third Party Advisory|Currently, we are not aware of any vendor-supplied patches. If you feel we are in error or if you are aware of more recent information, please mail us at: vuldb@securityfocus.com.
453|CVE-2018-1000006|http://www.securityfocus.com/bid/102796|VDB Entry,Third Party Advisory|Updates are available. Please see the references or vendor advisory for more information.
454|CVE-2017-15546|http://www.securityfocus.com/bid/102838|VDB Entry,Third Party Advisory|Currently, we are not aware of any vendor-supplied patches. If you feel we are in error or are aware of more recent information, please mail us at: vuldb@securityfocus.com.
455|CVE-2018-5443,CVE-2018-5445|http://www.securityfocus.com/bid/102781|VDB Entry,Third Party Advisory|Updates are available. Please see the references or vendor advisory for more information.
456|CVE-2018-6197|http://www.securityfocus.com/bid/102846|VDB Entry,Third Party Advisory|Updates are available. Please see the references or vendor advisory for more information.
457|CVE-2018-6198|http://www.securityfocus.com/bid/102855|VDB Entry,Third Party Advisory|Updates are available. Please see the references or vendor advisory for more information.
458|CVE-2018-4835|http://www.securityfocus.com/bid/102894|VDB Entry,Third Party Advisory|Updates are available. Please see the references or vendor advisory for more information.
459|CVE-2018-4835,CVE-2018-4837,CVE-2018-4836|http://www.securityfocus.com/bid/102904|VDB Entry,Third Party Advisory|Updates are available. Please see the references or vendor advisory for more information.
460|CVE-2018-4836|http://www.securityfocus.com/bid/102897|VDB Entry,Third Party Advisory|Updates are available. Please see the references or vendor advisory for more information.
461|CVE-2018-4837|http://www.securityfocus.com/bid/102819|VDB Entry,Third Party Advisory|Updates are available. Please see the references or vendor advisory for more information.
462|CVE-2018-5748|http://www.securityfocus.com/bid/102825|VDB Entry,Third Party Advisory|Updates are available. Please see the references or vendor advisory for more information.
463|CVE-2018-6315|http://www.securityfocus.com/bid/102828|VDB Entry,Third Party Advisory|Updates are available. Please see the references or vendor advisory for more information.
464|CVE-2017-3762|http://www.securityfocus.com/bid/102837|VDB Entry,Third Party Advisory|Updates are available. Please see the references or vendor advisory for more information.
465|CVE-2017-1000386|http://www.securityfocus.com/bid/101538|VDB Entry,Third Party Advisory|Updates are available. Please see the references or vendor advisory for more information.
466|CVE-2017-1000387|http://www.securityfocus.com/bid/101544|VDB Entry,Third Party Advisory|Updates are available. Please see the references or vendor advisory for more information.
467|CVE-2017-1000390|http://www.securityfocus.com/bid/102824|VDB Entry,Third Party Advisory|Updates are available. Please see the references or vendor advisory for more information.
468|CVE-2017-1000392,CVE-2017-1000391|http://www.securityfocus.com/bid/101773|VDB Entry,Third Party Advisory|Updates are available. Please see the references or vendor advisory for more information.
469|CVE-2017-1000392|http://www.securityfocus.com/bid/102826|VDB Entry,Third Party Advisory|Updates are available. Please see the references or vendor advisory for more information.
470|CVE-2017-1000404|http://www.securityfocus.com/bid/101927|VDB Entry,Third Party Advisory|Updates are available. Please see the references or vendor advisory for more information.
471|CVE-2017-14593,CVE-2017-17458,CVE-2017-14592,CVE-2017-17831|http://www.securityfocus.com/bid/102926|VDB Entry,Third Party Advisory|Updates are available. Please see the references or vendor advisory for more information.
472|CVE-2018-6323|http://www.securityfocus.com/bid/102821|VDB Entry,Third Party Advisory|Updates are available. Please see the references or vendor advisory for more information.
473|CVE-2016-2983|http://www.securityfocus.com/bid/102891|VDB Entry,Third Party Advisory|Updates are available. Please see the references or vendor advisory for more information.
474|CVE-2017-1506|http://www.securityfocus.com/bid/102892|VDB Entry,Third Party Advisory|Updates are available. Please see the references or vendor advisory for more information.
475|CVE-2017-1515|http://www.securityfocus.com/bid/102872|VDB Entry,Third Party Advisory|Updates are available. Please see the references or vendor advisory for more information.
476|CVE-2017-1516|http://www.securityfocus.com/bid/102867|VDB Entry,Third Party Advisory|Updates are available. Please see the references or vendor advisory for more information.
477|CVE-2017-1532|http://www.securityfocus.com/bid/102888|VDB Entry,Third Party Advisory|Updates are available. Please see the references or vendor advisory for more information.
478|CVE-2017-1540|http://www.securityfocus.com/bid/102890|VDB Entry,Third Party Advisory|Updates are available. Please see the references or vendor advisory for more information.
479|CVE-2017-1545|http://www.securityfocus.com/bid/102896|VDB Entry,Third Party Advisory|Updates are available. Please see the references or vendor advisory for more information.
480|CVE-2017-1563|http://www.securityfocus.com/bid/102862|VDB Entry,Third Party Advisory|Updates are available. Please see the references or vendor advisory for more information.
481|CVE-2017-1567|http://www.securityfocus.com/bid/102851|VDB Entry,Third Party Advisory|Updates are available. Please see the references or vendor advisory for more information.
482|CVE-2017-1653|http://www.securityfocus.com/bid/102853|VDB Entry,Third Party Advisory|Updates are available. Please see the references or vendor advisory for more information.
483|CVE-2018-6359|http://www.securityfocus.com/bid/102856|VDB Entry,Third Party Advisory|Currently, we are not aware of any vendor-supplied patches. If you feel we are in error or if you are aware of more recent information, please mail us at:   vuldb@securityfocus.com.
484|CVE-2017-18079|http://www.securityfocus.com/bid/102895||Updates are available. Please see the references or vendor advisory for more information.
485|CVE-2017-14190|http://www.securityfocus.com/bid/102779|VDB Entry,Third Party Advisory|Updates are available. Please see the references or vendor advisory for more information.
486|CVE-2017-1779|http://www.securityfocus.com/bid/102858|VDB Entry,Third Party Advisory|Updates are available. Please see the references or vendor advisory for more information.
487|CVE-2017-1783|http://www.securityfocus.com/bid/102863|VDB Entry,Third Party Advisory|Updates are available. Please see the references or vendor advisory for more information.
488|CVE-2017-4947|http://www.securityfocus.com/bid/102852|VDB Entry,Third Party Advisory|Updates are available. Please see the references or vendor advisory for more information.
489|CVE-2017-4951|http://www.securityfocus.com/bid/102849|VDB Entry,Third Party Advisory|Updates are available. Please see the references or vendor advisory for more information.
490|CVE-2017-1192,CVE-2018-1364|http://www.securityfocus.com/bid/102864|VDB Entry,Third Party Advisory|Updates are available. Please see the references or vendor advisory for more information.
491|CVE-2017-1000353|http://www.securityfocus.com/bid/98056|Exploit,VDB Entry,Third Party Advisory|Updates are available. Please see the references or vendor advisory for more information.
492|CVE-2017-1000354|http://www.securityfocus.com/bid/98065|VDB Entry,Third Party Advisory|Updates are available. Please see the references or vendor advisory for more information.
493|CVE-2017-1000355|http://www.securityfocus.com/bid/98066|VDB Entry,Third Party Advisory|Updates are available. Please see the references or vendor advisory for more information.
494|CVE-2017-1000356|http://www.securityfocus.com/bid/98062|VDB Entry,Third Party Advisory|Updates are available. Please see the references or vendor advisory for more information.
495|CVE-2017-12626|http://www.securityfocus.com/bid/102879|VDB Entry,Third Party Advisory|Updates are available. Please see the references or vendor advisory for more information.
496|CVE-2017-9513|http://www.securityfocus.com/bid/102869|VDB Entry,Third Party Advisory|Updates are available. Please see the references or vendor advisory for more information.
497|CVE-2018-6392|http://www.securityfocus.com/bid/102848|VDB Entry,Third Party Advisory|Updates are available. Please see the references or vendor advisory for more information.
498|CVE-2018-0101|http://www.securityfocus.com/bid/102845|VDB Entry,Third Party Advisory|Updates are available. Please see the references or vendor advisory for more information.
499|CVE-2018-6393|http://www.securityfocus.com/bid/102854|VDB Entry,Third Party Advisory|Currently, we are not aware of any vendor-supplied patches. If you feel we are in error or are aware of more recent information, please mail us at: vuldb@securityfocus.com.
